Channel,Coefficient
Radio_Spend,3.4144553948355725
SearchAds_Spend,2.6744364736675417
TV_Spend,1.4451091049901237
SocialMedia_Spend,0.6962060500587954
Influencer_Spend,0.20241323006864254
